id,population,power,lon,lat,ideology
2,1.0,0.8926,-122.64703,45.56651,-1.0
3,1.0,0.8926,-122.64703,45.56651,-1.0
4,1.0,0.8926,-122.64703,45.56651,-1.0
5,1.0,0.8926,-122.64703,45.56651,-1.0
6,1.0,0.8926,-122.64703,45.56651,0.0
7,1.0,0.8926,-122.64703,45.56651,-1.0
8,1.0,0.8926,-122.64703,45.56651,1.0
9,1.0,0.8926,-122.64703,45.56651,0.5
10,1.0,0.8926,-122.64703,45.56651,-1.0
11,1.0,0.88376,-122.68502,45.57413,-1.0
12,1.0,0.88376,-122.68502,45.57413,-1.0
13,1.0,0.88376,-122.68502,45.57413,0.0
14,1.0,0.88376,-122.68502,45.57413,-1.0
15,1.0,0.87972,-122.64703,45.56651,-1.0
16,1.0,0.8524,-122.64703,45.56651,-1.0
17,1.0,0.8524,-122.64703,45.56651,-1.0
18,1.0,0.82712,-122.64703,45.56651,-1.0
19,1.0,0.82712,-122.64703,45.56651,-1.0
20,1.0,0.82463,-122.64703,45.56651,-1.0
21,1.0,0.82463,-122.64703,45.56651,-1.0
22,1.0,0.82463,-122.64703,45.56651,0.0
23,1.0,0.80809,-122.64703,45.56651,0.0
24,1.0,0.80809,-122.64703,45.56651,1.0
25,1.0,0.79441,-122.64703,45.56651,-1.0
26,1.0,0.79441,-122.64703,45.56651,-1.0
27,1.0,0.79441,-122.64703,45.56651,-1.0
28,1.0,0.79441,-122.64703,45.56651,0.0
29,1.0,0.78693,-122.64703,45.56651,0.0
30,1.0,0.78422,-122.64703,45.56651,0.0
31,1.0,0.78422,-122.64703,45.56651,1.0
32,1.0,0.78422,-122.64703,45.56651,0.0
34,1.0,0.73964,-122.64703,45.56651,1.0
35,1.0,0.73964,-122.64703,45.56651,0.0
36,1.0,0.73964,-122.64703,45.56651,-1.0
37,1.0,0.73964,-122.64703,45.56651,-1.0
38,1.0,0.70901,-122.64703,45.56651,-1.0
39,1.0,0.70901,-122.64703,45.56651,0.0
40,1.0,0.70901,-122.64703,45.56651,-1.0
41,1.0,0.70172,-122.68502,45.57413,0.0
42,1.0,0.70172,-122.68502,45.57413,-1.0
43,1.0,0.70172,-122.68502,45.57413,0.0
44,1.0,0.69877,-122.64703,45.56651,0.0
45,1.0,0.69877,-122.64703,45.56651,-1.0
47,1.0,0.69673,-122.64703,45.56651,-1.0
48,1.0,0.69673,-122.64703,45.56651,0.0
49,1.0,0.69673,-122.64703,45.56651,0.0
50,1.0,0.69673,-122.64703,45.56651,-1.0
51,1.0,0.69673,-122.64703,45.56651,0.0
52,1.0,0.69673,-122.64703,45.56651,0.0
53,1.0,0.69673,-122.64703,45.56651,-1.0
54,1.0,0.6921,-122.68502,45.57413,0.0
55,1.0,0.6921,-122.68502,45.57413,-1.0
56,1.0,0.6921,-122.68502,45.57413,0.0
57,1.0,0.69008,-122.64703,45.56651,-1.0
58,1.0,0.69008,-122.64703,45.56651,-1.0
59,1.0,0.69008,-122.64703,45.56651,-1.0
60,1.0,0.69008,-122.64703,45.56651,-1.0
61,1.0,0.69004,-122.64703,45.56651,0.0
62,1.0,0.69004,-122.64703,45.56651,-1.0
63,1.0,0.69,-122.64703,45.56651,0.0
65,1.0,0.68032,-122.64703,45.56651,0.0
66,1.0,0.67162,-122.64703,45.56651,-1.0
67,1.0,0.67162,-122.64703,45.56651,-1.0
68,1.0,0.67162,-122.64703,45.56651,-1.0
69,1.0,0.66956,-122.64703,45.56651,0.0
71,1.0,0.66956,-122.64703,45.56651,0.0
72,1.0,0.66956,-122.64703,45.56651,-1.0
73,1.0,0.66956,-122.64703,45.56651,-1.0
74,1.0,0.66956,-122.64703,45.56651,1.0
75,1.0,0.66956,-122.64703,45.56651,-1.0
76,1.0,0.66805,-122.68502,45.57413,-1.0
77,1.0,0.66405,-122.64703,45.56651,-1.0
78,1.0,0.65552,-122.68502,45.57413,-1.0
79,1.0,0.65552,-122.68502,45.57413,-1.0
80,1.0,0.65552,-122.68502,45.57413,-1.0
81,1.0,0.65251,-122.64703,45.56651,-1.0
82,1.0,0.651,-122.68502,45.57413,-1.0
83,1.0,0.651,-122.68502,45.57413,-1.0
84,1.0,0.651,-122.68502,45.57413,-1.0
85,1.0,0.651,-122.68502,45.57413,1.0
86,1.0,0.651,-122.68502,45.57413,-1.0
87,1.0,0.65089,-122.64703,45.56651,-1.0
88,1.0,0.65089,-122.64703,45.56651,0.0
89,1.0,0.65089,-122.64703,45.56651,0.0
90,1.0,0.65089,-122.64703,45.56651,-1.0
91,1.0,0.65089,-122.64703,45.56651,-1.0
93,1.0,0.64305,-122.64703,45.56651,-1.0
94,1.0,0.64305,-122.64703,45.56651,-1.0
95,1.0,0.64305,-122.64703,45.56651,0.0
96,1.0,0.6428,-122.68502,45.57413,-1.0
97,1.0,0.6428,-122.68502,45.57413,-1.0
98,1.0,0.6428,-122.68502,45.57413,-1.0
99,1.0,0.64185,-122.64703,45.56651,-1.0
100,1.0,0.64174,-122.64703,45.56651,0.0
101,1.0,0.64174,-122.64703,45.56651,-1.0
102,1.0,0.64118,-122.64703,45.56651,-1.0
103,1.0,0.64118,-122.64703,45.56651,-1.0
104,1.0,0.63916,-122.64703,45.56651,-1.0
106,1.0,0.63537,-122.64703,45.56651,0.0
107,1.0,0.63537,-122.64703,45.56651,0.0
108,1.0,0.63533,-122.64703,45.56651,-1.0
109,1.0,0.63533,-122.64703,45.56651,-1.0
110,1.0,0.63533,-122.64703,45.56651,-1.0
111,1.0,0.63533,-122.64703,45.56651,-1.0
112,1.0,0.63533,-122.64703,45.56651,-1.0
113,1.0,0.63343,-122.64703,45.56651,-1.0
114,1.0,0.63343,-122.64703,45.56651,0.0
115,1.0,0.63171,-122.68502,45.57413,0.0
117,1.0,0.62659,-122.64703,45.56651,0.0
118,1.0,0.62418,-122.64703,45.56651,-1.0
119,1.0,0.62418,-122.64703,45.56651,-1.0
122,1.0,0.62251,-122.64703,45.56651,-1.0
123,1.0,0.62251,-122.64703,45.56651,-1.0
124,1.0,0.62251,-122.64703,45.56651,-1.0
125,1.0,0.62251,-122.64703,45.56651,0.0
126,1.0,0.62217,-122.64703,45.56651,-1.0
127,1.0,0.62217,-122.64703,45.56651,-1.0
128,1.0,0.62217,-122.64703,45.56651,0.0
129,1.0,0.62217,-122.64703,45.56651,0.0
130,1.0,0.62217,-122.64703,45.56651,0.0
131,1.0,0.62217,-122.64703,45.56651,-1.0
132,1.0,0.62217,-122.64703,45.56651,0.0
133,1.0,0.62217,-122.64703,45.56651,-1.0
134,1.0,0.62217,-122.64703,45.56651,0.0
135,1.0,0.62217,-122.64703,45.56651,0.0
136,1.0,0.62184,-122.64703,45.56651,0.0
137,1.0,0.62184,-122.64703,45.56651,0.0
138,1.0,0.62184,-122.64703,45.56651,1.0
139,1.0,0.62063,-122.64703,45.56651,0.0
140,1.0,0.62063,-122.64703,45.56651,-1.0
141,1.0,0.62063,-122.64703,45.56651,0.0
142,1.0,0.62063,-122.64703,45.56651,0.0
143,1.0,0.62063,-122.64703,45.56651,0.0
144,1.0,0.62063,-122.64703,45.56651,-1.0
145,1.0,0.62063,-122.64703,45.56651,1.0
146,1.0,0.61492,-122.68502,45.57413,0.0
147,1.0,0.61492,-122.68502,45.57413,-1.0
148,1.0,0.61492,-122.68502,45.57413,-1.0
149,1.0,0.61487,-122.64703,45.56651,-1.0
150,1.0,0.61487,-122.64703,45.56651,-1.0
151,1.0,0.61487,-122.64703,45.56651,-1.0
152,1.0,0.61452,-122.64703,45.56651,-1.0
153,1.0,0.61452,-122.64703,45.56651,-1.0
154,1.0,0.61446,-122.68502,45.57413,-1.0
155,1.0,0.61446,-122.68502,45.57413,-1.0
156,1.0,0.61231,-122.64703,45.56651,0.0
157,1.0,0.61186,-122.68502,45.57413,-1.0
158,1.0,0.60315,-122.68502,45.57413,0.0
159,1.0,0.60113,-122.64703,45.56651,-1.0
160,1.0,0.60113,-122.64703,45.56651,-1.0
161,1.0,0.60113,-122.64703,45.56651,-1.0
162,1.0,0.60072,-122.64703,45.56651,-1.0
163,1.0,0.60072,-122.64703,45.56651,-1.0
164,1.0,0.59979,-122.64703,45.56651,-1.0
165,1.0,0.59979,-122.64703,45.56651,-1.0
166,1.0,0.59979,-122.64703,45.56651,-1.0
167,1.0,0.59979,-122.64703,45.56651,1.0
168,1.0,0.59901,-122.64703,45.56651,-1.0
169,1.0,0.59901,-122.64703,45.56651,0.0
170,1.0,0.59591,-122.64703,45.56651,-1.0
171,1.0,0.59561,-122.68502,45.57413,-1.0
172,1.0,0.59561,-122.68502,45.57413,-1.0
173,1.0,0.59561,-122.68502,45.57413,0.0
174,1.0,0.59561,-122.68502,45.57413,-1.0
175,1.0,0.59561,-122.68502,45.57413,0.0
177,1.0,0.59465,-122.68502,45.57413,0.0
178,1.0,0.59465,-122.68502,45.57413,0.0
179,1.0,0.59465,-122.68502,45.57413,-1.0
180,1.0,0.59465,-122.68502,45.57413,0.0
181,1.0,0.58573,-122.68502,45.57413,-1.0
182,1.0,0.58573,-122.68502,45.57413,0.0
183,1.0,0.58396,-122.68502,45.57413,-1.0
184,1.0,0.58388,-122.64703,45.56651,0.0
185,1.0,0.58388,-122.64703,45.56651,0.0
186,1.0,0.58388,-122.64703,45.56651,-1.0
187,1.0,0.58388,-122.64703,45.56651,-1.0
188,1.0,0.58337,-122.64703,45.56651,-1.0
189,1.0,0.58337,-122.64703,45.56651,-1.0
190,1.0,0.58337,-122.64703,45.56651,0.0
191,1.0,0.58337,-122.64703,45.56651,0.0
192,1.0,0.58337,-122.64703,45.56651,-1.0
193,1.0,0.58337,-122.64703,45.56651,-1.0
194,1.0,0.58337,-122.64703,45.56651,-1.0
195,1.0,0.58224,-122.64703,45.56651,0.0
196,1.0,0.58224,-122.64703,45.56651,-1.0
197,1.0,0.58224,-122.64703,45.56651,-1.0
198,1.0,0.581,-122.68502,45.57413,-1.0
199,1.0,0.581,-122.68502,45.57413,0.0
200,1.0,0.581,-122.68502,45.57413,-1.0
201,1.0,0.58089,-122.64703,45.56651,0.0
202,1.0,0.58061,-122.64703,45.56651,-1.0
203,1.0,0.58061,-122.64703,45.56651,-1.0
205,1.0,0.57327,-122.68502,45.57413,0.0
206,1.0,0.57327,-122.68502,45.57413,0.0
209,1.0,0.56898,-122.64703,45.56651,-1.0
210,1.0,0.56898,-122.64703,45.56651,1.0
214,1.0,0.56472,-122.64703,45.56651,0.0
216,1.0,0.56472,-122.64703,45.56651,-1.0
217,1.0,0.56472,-122.64703,45.56651,-1.0
219,1.0,0.56275,-122.64703,45.56651,-1.0
220,1.0,0.56275,-122.64703,45.56651,-1.0
221,1.0,0.5588,-122.68502,45.57413,0.0
222,1.0,0.5588,-122.68502,45.57413,0.0
223,1.0,0.5588,-122.68502,45.57413,0.0
224,1.0,0.55783,-122.64703,45.56651,0.0
225,1.0,0.55783,-122.64703,45.56651,0.0
226,1.0,0.55783,-122.64703,45.56651,-1.0
227,1.0,0.55783,-122.64703,45.56651,0.0
228,1.0,0.55783,-122.64703,45.56651,-1.0
229,1.0,0.55783,-122.64703,45.56651,-1.0
230,1.0,0.55783,-122.64703,45.56651,-1.0
231,1.0,0.55783,-122.64703,45.56651,-1.0
232,1.0,0.55783,-122.64703,45.56651,-1.0
233,1.0,0.55695,-122.64703,45.56651,-1.0
234,1.0,0.55695,-122.64703,45.56651,-1.0
236,1.0,0.55553,-122.64703,45.56651,0.5
237,1.0,0.55553,-122.64703,45.56651,0.0
238,1.0,0.55553,-122.64703,45.56651,-1.0
239,1.0,0.55354,-122.64703,45.56651,-1.0
240,1.0,0.55354,-122.64703,45.56651,0.0
241,1.0,0.55354,-122.64703,45.56651,-1.0
242,1.0,0.55285,-122.64703,45.56651,-1.0
244,1.0,0.55273,-122.68502,45.57413,-1.0
245,1.0,0.55273,-122.68502,45.57413,0.0
246,1.0,0.55267,-122.64703,45.56651,-1.0
247,1.0,0.55267,-122.64703,45.56651,-1.0
248,1.0,0.55267,-122.64703,45.56651,-1.0
249,1.0,0.55267,-122.64703,45.56651,0.0
250,1.0,0.55188,-122.64703,45.56651,0.0
251,1.0,0.55188,-122.64703,45.56651,-1.0
254,1.0,0.54985,-122.64703,45.56651,0.0
255,1.0,0.54793,-122.68502,45.57413,1.0
256,1.0,0.54532,-122.64703,45.56651,-1.0
257,1.0,0.54419,-122.64703,45.56651,0.0
258,1.0,0.54419,-122.64703,45.56651,-1.0
259,1.0,0.54419,-122.64703,45.56651,-1.0
260,1.0,0.5437,-122.64703,45.56651,-1.0
261,1.0,0.5437,-122.64703,45.56651,-1.0
262,1.0,0.54344,-122.68502,45.57413,-1.0
263,1.0,0.54344,-122.68502,45.57413,-1.0
264,1.0,0.5421,-122.64703,45.56651,-1.0
265,1.0,0.5421,-122.64703,45.56651,0.0
266,1.0,0.5421,-122.64703,45.56651,0.0
267,1.0,0.54138,-122.64703,45.56651,-1.0
268,1.0,0.54138,-122.64703,45.56651,-1.0
269,1.0,0.54138,-122.64703,45.56651,-1.0
270,1.0,0.54138,-122.64703,45.56651,-1.0
271,1.0,0.54108,-122.68502,45.57413,-1.0
272,1.0,0.54108,-122.68502,45.57413,0.0
273,1.0,0.54108,-122.68502,45.57413,0.0
274,1.0,0.54108,-122.68502,45.57413,-1.0
275,1.0,0.54108,-122.68502,45.57413,0.0
276,1.0,0.54108,-122.68502,45.57413,-1.0
277,1.0,0.54108,-122.68502,45.57413,-1.0
278,1.0,0.54108,-122.68502,45.57413,-1.0
279,1.0,0.54054,-122.68502,45.57413,-1.0
280,1.0,0.54054,-122.68502,45.57413,0.0
281,1.0,0.54054,-122.68502,45.57413,0.0
282,1.0,0.54054,-122.68502,45.57413,0.0
284,1.0,0.53934,-122.64703,45.56651,-1.0
285,1.0,0.53934,-122.64703,45.56651,-1.0
286,1.0,0.53934,-122.64703,45.56651,1.0
287,1.0,0.53934,-122.64703,45.56651,-1.0
288,1.0,0.5378,-122.68502,45.57413,0.0
289,1.0,0.5378,-122.68502,45.57413,0.0
290,1.0,0.53724,-122.64703,45.56651,-1.0
291,1.0,0.53724,-122.64703,45.56651,-1.0
292,1.0,0.53469,-122.68502,45.57413,0.0
293,1.0,0.53469,-122.64703,45.56651,-1.0
294,1.0,0.53469,-122.64703,45.56651,-1.0
299,1.0,0.53144,-122.68502,45.57413,-1.0
300,1.0,0.53144,-122.68502,45.57413,0.0
301,1.0,0.53144,-122.68502,45.57413,-1.0
302,1.0,0.53074,-122.68502,45.57413,0.0
303,1.0,0.53074,-122.68502,45.57413,0.0
304,1.0,0.53074,-122.68502,45.57413,-1.0
305,1.0,0.53074,-122.68502,45.57413,0.0
306,1.0,0.53074,-122.68502,45.57413,-1.0
307,1.0,0.53074,-122.68502,45.57413,0.0
308,1.0,0.53074,-122.68502,45.57413,-1.0
309,1.0,0.53021,-122.64703,45.56651,-1.0
313,1.0,0.52714,-122.68502,45.57413,0.0
314,1.0,0.52714,-122.68502,45.57413,-1.0
316,1.0,0.52714,-122.68502,45.57413,-1.0
317,1.0,0.52714,-122.68502,45.57413,0.0
318,1.0,0.5269,-122.64703,45.56651,-1.0
319,1.0,0.5269,-122.64703,45.56651,-1.0
320,1.0,0.5269,-122.64703,45.56651,-1.0
321,1.0,0.5262,-122.64703,45.56651,0.0
322,1.0,0.5262,-122.64703,45.56651,-1.0
323,1.0,0.5262,-122.64703,45.56651,-1.0
324,1.0,0.5262,-122.64703,45.56651,0.5
325,1.0,0.5262,-122.64703,45.56651,-1.0
326,1.0,0.5262,-122.64703,45.56651,-1.0
328,1.0,0.52415,-122.68502,45.57413,-1.0
329,1.0,0.52415,-122.68502,45.57413,-1.0
330,1.0,0.52415,-122.68502,45.57413,0.0
331,1.0,0.52415,-122.68502,45.57413,-1.0
332,1.0,0.52415,-122.68502,45.57413,-1.0
333,1.0,0.52415,-122.68502,45.57413,0.0
334,1.0,0.52354,-122.64703,45.56651,-1.0
335,1.0,0.52354,-122.64703,45.56651,-1.0
337,1.0,0.52166,-122.68502,45.57413,-1.0
338,1.0,0.52166,-122.68502,45.57413,0.0
339,1.0,0.52166,-122.68502,45.57413,-1.0
340,1.0,0.52166,-122.68502,45.57413,-1.0
341,1.0,0.52166,-122.68502,45.57413,0.0
342,1.0,0.52026,-122.68502,45.57413,-1.0
343,1.0,0.52026,-122.68502,45.57413,-1.0
344,1.0,0.51917,-122.68502,45.57413,-1.0
345,1.0,0.51714,-122.64703,45.56651,-1.0
346,1.0,0.51714,-122.64703,45.56651,0.0
347,1.0,0.51714,-122.64703,45.56651,-1.0
349,1.0,0.51614,-122.64703,45.56651,-1.0
350,1.0,0.51614,-122.64703,45.56651,-1.0
351,1.0,0.51564,-122.68502,45.57413,-1.0
352,1.0,0.51564,-122.68502,45.57413,-1.0
353,1.0,0.51564,-122.68502,45.57413,-1.0
354,1.0,0.5141,-122.68502,45.57413,0.0
355,1.0,0.5141,-122.68502,45.57413,0.0
356,1.0,0.51296,-122.64703,45.56651,-1.0
357,1.0,0.51296,-122.64703,45.56651,-1.0
359,1.0,0.51296,-122.64703,45.56651,0.0
360,1.0,0.51296,-122.64703,45.56651,-1.0
361,1.0,0.51296,-122.64703,45.56651,-1.0
362,1.0,0.51296,-122.64703,45.56651,-1.0
366,1.0,0.51151,-122.68502,45.57413,0.0
367,1.0,0.51151,-122.68502,45.57413,1.0
368,1.0,0.51115,-122.68502,45.57413,0.0
369,1.0,0.51115,-122.68502,45.57413,-1.0
370,1.0,0.51115,-122.68502,45.57413,-1.0
371,1.0,0.51115,-122.68502,45.57413,-1.0
372,1.0,0.51115,-122.68502,45.57413,-1.0
373,1.0,0.51115,-122.68502,45.57413,1.0
374,1.0,0.51092,-122.64703,45.56651,-1.0
375,1.0,0.51092,-122.64703,45.56651,-1.0
376,1.0,0.51092,-122.64703,45.56651,-1.0
377,1.0,0.51092,-122.64703,45.56651,0.0
378,1.0,0.51092,-122.64703,45.56651,0.0
379,1.0,0.51092,-122.64703,45.56651,0.0
380,1.0,0.51092,-122.64703,45.56651,-1.0
381,1.0,0.51092,-122.64703,45.56651,-1.0
382,1.0,0.51092,-122.64703,45.56651,-1.0
383,1.0,0.51092,-122.64703,45.56651,-1.0
384,1.0,0.50998,-122.64703,45.56651,-1.0
385,1.0,0.50998,-122.64703,45.56651,-1.0
386,1.0,0.50989,-122.68502,45.57413,-1.0
387,1.0,0.50989,-122.68502,45.57413,-1.0
388,1.0,0.50989,-122.68502,45.57413,-1.0
389,1.0,0.50989,-122.68502,45.57413,-1.0
390,1.0,0.50989,-122.68502,45.57413,-1.0
391,1.0,0.50942,-122.64703,45.56651,-1.0
392,1.0,0.50888,-122.64703,45.56651,-1.0
393,1.0,0.50888,-122.64703,45.56651,0.0
394,1.0,0.50888,-122.64703,45.56651,0.0
395,1.0,0.50864,-122.68502,45.57413,-1.0
396,1.0,0.50864,-122.68502,45.57413,-1.0
397,1.0,0.50759,-122.68502,45.57413,-1.0
398,1.0,0.50759,-122.68502,45.57413,0.0
400,1.0,0.50736,-122.64703,45.56651,-1.0
401,1.0,0.50736,-122.64703,45.56651,-1.0
402,1.0,0.50736,-122.64703,45.56651,-1.0
403,1.0,0.50727,-122.64703,45.56651,-1.0
404,1.0,0.50727,-122.64703,45.56651,-1.0
405,1.0,0.50322,-122.64703,45.56651,-1.0
408,1.0,0.50239,-122.64703,45.56651,0.0
409,1.0,0.50239,-122.64703,45.56651,0.0
410,1.0,0.50223,-122.64703,45.56651,0.0
411,1.0,0.50223,-122.64703,45.56651,0.0
412,1.0,0.50223,-122.64703,45.56651,0.0
413,1.0,0.50017,-122.64703,45.56651,-1.0
415,1.0,0.50008,-122.64703,45.56651,0.0
416,1.0,0.50008,-122.64703,45.56651,-1.0
417,1.0,0.50008,-122.64703,45.56651,-1.0
418,1.0,0.50008,-122.64703,45.56651,0.0
419,1.0,0.49952,-122.68502,45.57413,-1.0
420,1.0,0.49952,-122.68502,45.57413,-1.0
421,1.0,0.49891,-122.64703,45.56651,0.0
422,1.0,0.49891,-122.64703,45.56651,-1.0
423,1.0,0.49826,-122.64703,45.56651,0.0
424,1.0,0.49777,-122.64703,45.56651,-1.0
425,1.0,0.49777,-122.64703,45.56651,-1.0
426,1.0,0.49777,-122.64703,45.56651,-1.0
427,1.0,0.49777,-122.64703,45.56651,-1.0
428,1.0,0.49677,-122.68502,45.57413,0.0
429,1.0,0.49677,-122.68502,45.57413,-1.0
430,1.0,0.49677,-122.68502,45.57413,-1.0
432,1.0,0.49462,-122.68502,45.57413,-1.0
433,1.0,0.49462,-122.68502,45.57413,0.0
434,1.0,0.49462,-122.68502,45.57413,-1.0
435,1.0,0.49356,-122.64703,45.56651,-1.0
436,1.0,0.49356,-122.64703,45.56651,0.0
438,1.0,0.49356,-122.64703,45.56651,0.0
439,1.0,0.49356,-122.64703,45.56651,0.0
440,1.0,0.49268,-122.64703,45.56651,0.0
441,1.0,0.49193,-122.68502,45.57413,-1.0
442,1.0,0.49193,-122.68502,45.57413,0.0
443,1.0,0.49165,-122.64703,45.56651,-1.0
444,1.0,0.49165,-122.64703,45.56651,-1.0
445,1.0,0.49011,-122.64703,45.56651,-1.0
446,1.0,0.49011,-122.64703,45.56651,-1.0
447,1.0,0.49011,-122.64703,45.56651,-1.0
448,1.0,0.49011,-122.64703,45.56651,-1.0
450,1.0,0.48824,-122.68502,45.57413,-1.0
451,1.0,0.48824,-122.68502,45.57413,-1.0
452,1.0,0.48805,-122.64703,45.56651,0.0
453,1.0,0.48805,-122.64703,45.56651,-1.0
454,1.0,0.48805,-122.64703,45.56651,0.0
455,1.0,0.48805,-122.64703,45.56651,-1.0
456,1.0,0.48805,-122.64703,45.56651,0.0
457,1.0,0.48805,-122.64703,45.56651,0.0
458,1.0,0.48783,-122.64703,45.56651,-1.0
459,1.0,0.48653,-122.68502,45.57413,-1.0
460,1.0,0.48653,-122.68502,45.57413,-1.0
461,1.0,0.48588,-122.68502,45.57413,-1.0
462,1.0,0.48588,-122.68502,45.57413,-1.0
463,1.0,0.48429,-122.68502,45.57413,-1.0
464,1.0,0.48429,-122.68502,45.57413,-1.0
465,1.0,0.48429,-122.68502,45.57413,-1.0
466,1.0,0.48387,-122.64703,45.56651,-1.0
467,1.0,0.48387,-122.64703,45.56651,-1.0
468,1.0,0.48362,-122.64703,45.56651,-1.0
469,1.0,0.48362,-122.64703,45.56651,0.0
470,1.0,0.48362,-122.64703,45.56651,-1.0
471,1.0,0.48362,-122.64703,45.56651,-1.0
472,1.0,0.48284,-122.64703,45.56651,0.0
473,1.0,0.48284,-122.64703,45.56651,-1.0
474,1.0,0.48284,-122.64703,45.56651,-1.0
475,1.0,0.48284,-122.64703,45.56651,0.0
476,1.0,0.48284,-122.64703,45.56651,-1.0
477,1.0,0.48227,-122.64703,45.56651,-1.0
478,1.0,0.48227,-122.64703,45.56651,0.0
479,1.0,0.48102,-122.68502,45.57413,-1.0
480,1.0,0.48102,-122.68502,45.57413,-1.0
481,1.0,0.48102,-122.68502,45.57413,-1.0
483,1.0,0.48035,-122.64703,45.56651,-1.0
484,1.0,0.48035,-122.64703,45.56651,-1.0
485,1.0,0.48035,-122.64703,45.56651,0.0
486,1.0,0.48007,-122.68502,45.57413,-1.0
487,1.0,0.48002,-122.68502,45.57413,0.0
488,1.0,0.48002,-122.68502,45.57413,-1.0
489,1.0,0.47998,-122.68502,45.57413,0.0
490,1.0,0.47924,-122.68502,45.57413,-1.0
491,1.0,0.47924,-122.68502,45.57413,-1.0
492,1.0,0.47924,-122.68502,45.57413,-1.0
493,1.0,0.4789,-122.64703,45.56651,0.0
494,1.0,0.4789,-122.64703,45.56651,0.0
495,1.0,0.4789,-122.64703,45.56651,-1.0
496,1.0,0.4789,-122.64703,45.56651,0.0
497,1.0,0.4789,-122.64703,45.56651,-1.0
498,1.0,0.47852,-122.68502,45.57413,0.0
499,1.0,0.47852,-122.68502,45.57413,0.0
500,1.0,0.47829,-122.64703,45.56651,0.0
501,1.0,0.47829,-122.64703,45.56651,-1.0
502,1.0,0.47829,-122.64703,45.56651,-1.0
503,1.0,0.47829,-122.64703,45.56651,-1.0
504,1.0,0.47737,-122.68502,45.57413,-1.0
505,1.0,0.47737,-122.68502,45.57413,1.0
506,1.0,0.47737,-122.68502,45.57413,-1.0
507,1.0,0.47737,-122.68502,45.57413,0.0
508,1.0,0.47737,-122.68502,45.57413,-1.0
510,1.0,0.4768,-122.68502,45.57413,0.0
511,1.0,0.4768,-122.68502,45.57413,-1.0
512,1.0,0.47653,-122.64703,45.56651,0.0
513,1.0,0.47653,-122.64703,45.56651,0.0
514,1.0,0.47653,-122.64703,45.56651,-1.0
516,1.0,0.47337,-122.64703,45.56651,-1.0
517,1.0,0.47337,-122.64703,45.56651,-1.0
518,1.0,0.47337,-122.64703,45.56651,-1.0
519,1.0,0.47337,-122.64703,45.56651,-1.0
520,1.0,0.47337,-122.64703,45.56651,-1.0
522,1.0,0.47312,-122.68502,45.57413,-1.0
523,1.0,0.47312,-122.68502,45.57413,1.0
524,1.0,0.4731,-122.64703,45.56651,1.0
525,1.0,0.4731,-122.64703,45.56651,-1.0
526,1.0,0.472,-122.64703,45.56651,-1.0
527,1.0,0.472,-122.64703,45.56651,-1.0
528,1.0,0.472,-122.64703,45.56651,0.0
529,1.0,0.472,-122.64703,45.56651,-1.0
530,1.0,0.47166,-122.64703,45.56651,-1.0
531,1.0,0.47166,-122.64703,45.56651,-1.0
532,1.0,0.47166,-122.64703,45.56651,0.0
533,1.0,0.47166,-122.64703,45.56651,0.0
534,1.0,0.47166,-122.64703,45.56651,-1.0
535,1.0,0.47166,-122.64703,45.56651,-1.0
536,1.0,0.47166,-122.64703,45.56651,-1.0
537,1.0,0.47085,-122.68502,45.57413,1.0
538,1.0,0.47085,-122.68502,45.57413,-1.0
539,1.0,0.47085,-122.68502,45.57413,-1.0
540,1.0,0.47071,-122.68502,45.57413,0.0
541,1.0,0.47071,-122.68502,45.57413,0.0
542,1.0,0.47071,-122.68502,45.57413,-1.0
543,1.0,0.47071,-122.68502,45.57413,0.0
544,1.0,0.47005,-122.64703,45.56651,0.0
545,1.0,0.47005,-122.64703,45.56651,-1.0
546,1.0,0.47005,-122.64703,45.56651,-1.0
547,1.0,0.47005,-122.64703,45.56651,0.0
548,1.0,0.47005,-122.64703,45.56651,-1.0
549,1.0,0.47005,-122.64703,45.56651,-1.0
551,1.0,0.46695,-122.68502,45.57413,0.0
552,1.0,0.46695,-122.68502,45.57413,0.0
553,1.0,0.46695,-122.68502,45.57413,0.0
554,1.0,0.46695,-122.68502,45.57413,0.0
555,1.0,0.46578,-122.64703,45.56651,-1.0
556,1.0,0.46578,-122.64703,45.56651,1.0
557,1.0,0.46531,-122.64703,45.56651,-1.0
558,1.0,0.46531,-122.64703,45.56651,0.0
559,1.0,0.46531,-122.64703,45.56651,-1.0
560,1.0,0.46531,-122.64703,45.56651,-1.0
562,1.0,0.46531,-122.64703,45.56651,0.0
563,1.0,0.46531,-122.64703,45.56651,-1.0
564,1.0,0.46531,-122.64703,45.56651,-1.0
565,1.0,0.46531,-122.64703,45.56651,0.0
566,1.0,0.46416,-122.68502,45.57413,0.0
567,1.0,0.46416,-122.68502,45.57413,-1.0
568,1.0,0.46416,-122.68502,45.57413,1.0
569,1.0,0.46374,-122.68502,45.57413,-1.0
570,1.0,0.46368,-122.68502,45.57413,0.0
572,1.0,0.46262,-122.68502,45.57413,-1.0
573,1.0,0.46262,-122.68502,45.57413,-1.0
574,1.0,0.46262,-122.68502,45.57413,-1.0
575,1.0,0.46262,-122.68502,45.57413,-1.0
576,1.0,0.46156,-122.68502,45.57413,-1.0
577,1.0,0.46062,-122.64703,45.56651,1.0
578,1.0,0.46062,-122.64703,45.56651,-1.0
579,1.0,0.46062,-122.64703,45.56651,-1.0
580,1.0,0.46062,-122.64703,45.56651,-1.0
582,1.0,0.46002,-122.64703,45.56651,-1.0
583,1.0,0.46002,-122.64703,45.56651,-1.0
584,1.0,0.46002,-122.64703,45.56651,-1.0
585,1.0,0.46002,-122.64703,45.56651,1.0
586,1.0,0.46002,-122.64703,45.56651,-1.0
588,1.0,0.46002,-122.64703,45.56651,-1.0
590,1.0,0.45919,-122.64703,45.56651,0.0
591,1.0,0.45919,-122.64703,45.56651,-1.0
592,1.0,0.45865,-122.64703,45.56651,0.0
593,1.0,0.45865,-122.64703,45.56651,0.0
594,1.0,0.45528,-122.64703,45.56651,0.0
595,1.0,0.45528,-122.64703,45.56651,0.0
596,1.0,0.45528,-122.64703,45.56651,-1.0
597,1.0,0.45501,-122.64703,45.56651,-1.0
598,1.0,0.45501,-122.64703,45.56651,-1.0
600,1.0,0.45417,-122.68502,45.57413,0.0
601,1.0,0.45415,-122.68502,45.57413,-1.0
602,1.0,0.45415,-122.68502,45.57413,-1.0
603,1.0,0.45407,-122.64703,45.56651,-1.0
604,1.0,0.45407,-122.64703,45.56651,0.0
605,1.0,0.45305,-122.64703,45.56651,0.0
606,1.0,0.45104,-122.64703,45.56651,-1.0
607,1.0,0.45104,-122.64703,45.56651,-1.0
608,1.0,0.45104,-122.64703,45.56651,-1.0
609,1.0,0.45067,-122.68502,45.57413,-1.0
610,1.0,0.45067,-122.68502,45.57413,-1.0
611,1.0,0.45045,-122.64703,45.56651,1.0
612,1.0,0.45045,-122.64703,45.56651,-1.0
613,1.0,0.45045,-122.64703,45.56651,-1.0
614,1.0,0.45045,-122.64703,45.56651,-1.0
615,1.0,0.45025,-122.68502,45.57413,-1.0
616,1.0,0.45025,-122.68502,45.57413,0.0
617,1.0,0.45025,-122.68502,45.57413,-1.0
618,1.0,0.45025,-122.68502,45.57413,0.0
619,1.0,0.44985,-122.64703,45.56651,0.0
620,1.0,0.44985,-122.64703,45.56651,-1.0
621,1.0,0.44985,-122.64703,45.56651,0.0
623,1.0,0.44985,-122.64703,45.56651,-1.0
624,1.0,0.44985,-122.64703,45.56651,-1.0
625,1.0,0.44985,-122.64703,45.56651,-1.0
626,1.0,0.44985,-122.64703,45.56651,1.0
627,1.0,0.44926,-122.68502,45.57413,-1.0
628,1.0,0.44926,-122.68502,45.57413,-1.0
629,1.0,0.44926,-122.68502,45.57413,-1.0
631,1.0,0.44911,-122.64703,45.56651,1.0
632,1.0,0.44911,-122.64703,45.56651,-1.0
633,1.0,0.44827,-122.64703,45.56651,0.0
634,1.0,0.44827,-122.64703,45.56651,-1.0
635,1.0,0.44811,-122.64703,45.56651,-1.0
636,1.0,0.44811,-122.64703,45.56651,-1.0
637,1.0,0.44811,-122.64703,45.56651,0.0
638,1.0,0.44811,-122.64703,45.56651,1.0
639,1.0,0.44811,-122.64703,45.56651,-1.0
640,1.0,0.44792,-122.64703,45.56651,-1.0
641,1.0,0.44792,-122.64703,45.56651,0.0
642,1.0,0.44629,-122.64703,45.56651,-1.0
643,1.0,0.44593,-122.64703,45.56651,-1.0
644,1.0,0.44593,-122.64703,45.56651,-1.0
645,1.0,0.44593,-122.64703,45.56651,-1.0
646,1.0,0.44505,-122.64703,45.56651,-1.0
648,1.0,0.44465,-122.68502,45.57413,0.0
649,1.0,0.44465,-122.68502,45.57413,-1.0
650,1.0,0.44465,-122.68502,45.57413,0.0
651,1.0,0.44465,-122.68502,45.57413,-1.0
652,1.0,0.44465,-122.68502,45.57413,0.0
653,1.0,0.44465,-122.68502,45.57413,-1.0
654,1.0,0.44311,-122.64703,45.56651,-1.0
655,1.0,0.44311,-122.64703,45.56651,0.0
656,1.0,0.44311,-122.64703,45.56651,0.0
657,1.0,0.44311,-122.64703,45.56651,-1.0
658,1.0,0.44311,-122.64703,45.56651,-1.0
660,1.0,0.44285,-122.68502,45.57413,1.0
661,1.0,0.44273,-122.68502,45.57413,-1.0
662,1.0,0.44273,-122.68502,45.57413,0.0
663,1.0,0.44273,-122.68502,45.57413,0.0
664,1.0,0.44195,-122.64703,45.56651,-1.0
665,1.0,0.44168,-122.68502,45.57413,-1.0
666,1.0,0.44163,-122.64703,45.56651,0.0
667,1.0,0.44163,-122.64703,45.56651,0.0
668,1.0,0.44163,-122.64703,45.56651,0.0
669,1.0,0.44013,-122.64703,45.56651,-1.0
671,1.0,0.44013,-122.64703,45.56651,-1.0
672,1.0,0.43937,-122.68502,45.57413,-1.0
675,1.0,0.43643,-122.68502,45.57413,0.0
676,1.0,0.43643,-122.68502,45.57413,0.0
677,1.0,0.43636,-122.64703,45.56651,-1.0
678,1.0,0.43636,-122.64703,45.56651,-1.0
679,1.0,0.43636,-122.64703,45.56651,0.0
680,1.0,0.43636,-122.64703,45.56651,-1.0
681,1.0,0.43633,-122.64703,45.56651,0.0
682,1.0,0.43633,-122.64703,45.56651,-1.0
683,1.0,0.43586,-122.64703,45.56651,-1.0
684,1.0,0.43403,-122.64703,45.56651,-1.0
685,1.0,0.43403,-122.64703,45.56651,-1.0
686,1.0,0.4327,-122.64703,45.56651,-1.0
688,1.0,0.43123,-122.64703,45.56651,-1.0
689,1.0,0.43123,-122.64703,45.56651,0.0
690,1.0,0.43123,-122.64703,45.56651,-1.0
691,1.0,0.4307,-122.68502,45.57413,0.0
692,1.0,0.4307,-122.68502,45.57413,-1.0
693,1.0,0.43063,-122.68502,45.57413,0.0
694,1.0,0.43063,-122.68502,45.57413,0.0
695,1.0,0.43063,-122.68502,45.57413,0.0
696,1.0,0.43063,-122.68502,45.57413,0.0
697,1.0,0.43063,-122.68502,45.57413,-1.0
698,1.0,0.43035,-122.64703,45.56651,-1.0
699,1.0,0.43035,-122.64703,45.56651,-1.0
701,1.0,0.42798,-122.64703,45.56651,-1.0
702,1.0,0.42798,-122.64703,45.56651,-1.0
703,1.0,0.42798,-122.64703,45.56651,0.0
704,1.0,0.4279,-122.64703,45.56651,0.0
705,1.0,0.4279,-122.64703,45.56651,-1.0
706,1.0,0.4279,-122.64703,45.56651,-1.0
707,1.0,0.42609,-122.64703,45.56651,-1.0
708,1.0,0.42609,-122.64703,45.56651,-1.0
709,1.0,0.42601,-122.64703,45.56651,-1.0
710,1.0,0.42601,-122.64703,45.56651,-1.0
711,1.0,0.42463,-122.64703,45.56651,-1.0
712,1.0,0.42463,-122.64703,45.56651,-1.0
713,1.0,0.42463,-122.64703,45.56651,0.0
714,1.0,0.42463,-122.64703,45.56651,0.0
715,1.0,0.42463,-122.64703,45.56651,0.0
716,1.0,0.42463,-122.64703,45.56651,1.0
717,1.0,0.42463,-122.64703,45.56651,-1.0
718,1.0,0.42463,-122.64703,45.56651,-1.0
719,1.0,0.4244,-122.64703,45.56651,0.0
720,1.0,0.42427,-122.68502,45.57413,0.0
721,1.0,0.42399,-122.64703,45.56651,0.0
722,1.0,0.42399,-122.64703,45.56651,-1.0
723,1.0,0.42399,-122.64703,45.56651,-1.0
724,1.0,0.42399,-122.64703,45.56651,-1.0
727,1.0,0.42359,-122.64703,45.56651,-1.0
728,1.0,0.42211,-122.64703,45.56651,-1.0
729,1.0,0.42211,-122.64703,45.56651,-1.0
730,1.0,0.42211,-122.64703,45.56651,0.0
731,1.0,0.42169,-122.64703,45.56651,-1.0
732,1.0,0.42169,-122.64703,45.56651,-1.0
733,1.0,0.42024,-122.64703,45.56651,-1.0
734,1.0,0.42024,-122.64703,45.56651,-1.0
735,1.0,0.42024,-122.64703,45.56651,-1.0
736,1.0,0.41986,-122.64703,45.56651,-1.0
737,1.0,0.41986,-122.64703,45.56651,-1.0
738,1.0,0.41986,-122.64703,45.56651,-1.0
739,1.0,0.41986,-122.64703,45.56651,-1.0
740,1.0,0.4181,-122.64703,45.56651,-1.0
741,1.0,0.41773,-122.64703,45.56651,-1.0
742,1.0,0.41578,-122.68502,45.57413,-1.0
743,1.0,0.41578,-122.68502,45.57413,-1.0
744,1.0,0.41578,-122.68502,45.57413,-1.0
745,1.0,0.41499,-122.64703,45.56651,1.0
746,1.0,0.41499,-122.64703,45.56651,0.0
747,1.0,0.41495,-122.64703,45.56651,-1.0
749,1.0,0.4142,-122.64703,45.56651,-1.0
750,1.0,0.4142,-122.64703,45.56651,-1.0
751,1.0,0.4142,-122.64703,45.56651,0.0
753,1.0,0.4142,-122.64703,45.56651,-1.0
754,1.0,0.41384,-122.64703,45.56651,-1.0
755,1.0,0.41384,-122.64703,45.56651,-1.0
756,1.0,0.41384,-122.64703,45.56651,-1.0
757,1.0,0.41312,-122.68502,45.57413,0.5
758,1.0,0.41312,-122.68502,45.57413,0.0
759,1.0,0.41312,-122.68502,45.57413,-1.0
760,1.0,0.41312,-122.68502,45.57413,-1.0
762,1.0,0.41312,-122.68502,45.57413,-1.0
763,1.0,0.41312,-122.68502,45.57413,-1.0
764,1.0,0.41312,-122.68502,45.57413,0.0
765,1.0,0.41312,-122.68502,45.57413,-1.0
766,1.0,0.4131,-122.68502,45.57413,0.0
767,1.0,0.4131,-122.68502,45.57413,1.0
768,1.0,0.41208,-122.64703,45.56651,-1.0
769,1.0,0.41208,-122.64703,45.56651,0.0
770,1.0,0.41208,-122.64703,45.56651,-1.0
771,1.0,0.41193,-122.68502,45.57413,-1.0
774,1.0,0.41081,-122.68502,45.57413,-1.0
775,1.0,0.41081,-122.68502,45.57413,-1.0
776,1.0,0.40976,-122.64703,45.56651,-1.0
777,1.0,0.40976,-122.64703,45.56651,-1.0
778,1.0,0.40962,-122.64703,45.56651,-1.0
780,1.0,0.40935,-122.64703,45.56651,-1.0
781,1.0,0.40861,-122.68502,45.57413,-1.0
782,1.0,0.40861,-122.68502,45.57413,-1.0
783,1.0,0.40778,-122.64703,45.56651,0.0
785,1.0,0.40519,-122.68502,45.57413,0.0
786,1.0,0.40519,-122.68502,45.57413,-1.0
787,1.0,0.40519,-122.68502,45.57413,-1.0
788,1.0,0.40519,-122.68502,45.57413,0.0
789,1.0,0.40473,-122.68502,45.57413,-1.0
790,1.0,0.40437,-122.68502,45.57413,-1.0
791,1.0,0.40381,-122.68502,45.57413,-1.0
792,1.0,0.40381,-122.68502,45.57413,-1.0
793,1.0,0.40381,-122.68502,45.57413,-1.0
794,1.0,0.4037,-122.68502,45.57413,-1.0
795,1.0,0.4037,-122.68502,45.57413,0.0
796,1.0,0.4037,-122.68502,45.57413,-1.0
797,1.0,0.4037,-122.68502,45.57413,0.0
799,1.0,0.40131,-122.68502,45.57413,-1.0
800,1.0,0.40131,-122.68502,45.57413,-1.0
801,1.0,0.40123,-122.64703,45.56651,-1.0
802,1.0,0.40123,-122.64703,45.56651,-1.0
803,1.0,0.40123,-122.64703,45.56651,-1.0
804,1.0,0.3998,-122.64703,45.56651,-1.0
805,1.0,0.3998,-122.64703,45.56651,0.0
806,1.0,0.39945,-122.68502,45.57413,0.0
807,1.0,0.39945,-122.68502,45.57413,1.0
808,1.0,0.39945,-122.68502,45.57413,-1.0
809,1.0,0.39945,-122.68502,45.57413,0.0
811,1.0,0.39835,-122.64703,45.56651,-1.0
812,1.0,0.39835,-122.64703,45.56651,-1.0
813,1.0,0.39835,-122.64703,45.56651,-1.0
814,1.0,0.39834,-122.64703,45.56651,0.0
815,1.0,0.39834,-122.64703,45.56651,-1.0
816,1.0,0.39785,-122.68502,45.57413,-1.0
817,1.0,0.39785,-122.68502,45.57413,-1.0
818,1.0,0.39785,-122.68502,45.57413,-1.0
819,1.0,0.39746,-122.64703,45.56651,1.0
820,1.0,0.39746,-122.64703,45.56651,-1.0
821,1.0,0.39677,-122.68502,45.57413,-1.0
822,1.0,0.39677,-122.68502,45.57413,-1.0
825,1.0,0.39399,-122.68502,45.57413,-1.0
826,1.0,0.39399,-122.68502,45.57413,-1.0
827,1.0,0.39399,-122.68502,45.57413,-1.0
828,1.0,0.39399,-122.68502,45.57413,-1.0
829,1.0,0.39399,-122.68502,45.57413,-1.0
830,1.0,0.39399,-122.68502,45.57413,-1.0
831,1.0,0.39266,-122.64703,45.56651,0.0
833,1.0,0.39262,-122.68502,45.57413,-1.0
834,1.0,0.39262,-122.68502,45.57413,-1.0
836,1.0,0.39188,-122.64703,45.56651,-1.0
837,1.0,0.39188,-122.64703,45.56651,-1.0
839,1.0,0.39073,-122.64703,45.56651,-1.0
840,1.0,0.39073,-122.64703,45.56651,-1.0
841,1.0,0.39073,-122.64703,45.56651,-1.0
842,1.0,0.39073,-122.64703,45.56651,-1.0
843,1.0,0.38972,-122.68502,45.57413,0.0
844,1.0,0.38972,-122.68502,45.57413,0.0
845,1.0,0.38812,-122.64703,45.56651,1.0
846,1.0,0.38812,-122.64703,45.56651,1.0
847,1.0,0.3861,-122.68502,45.57413,-1.0
848,1.0,0.38558,-122.68502,45.57413,0.0
849,1.0,0.38472,-122.64703,45.56651,-1.0
851,1.0,0.38385,-122.64703,45.56651,0.0
852,1.0,0.38385,-122.64703,45.56651,-1.0
853,1.0,0.38385,-122.64703,45.56651,-1.0
854,1.0,0.38382,-122.64703,45.56651,-1.0
855,1.0,0.38382,-122.64703,45.56651,-1.0
856,1.0,0.38382,-122.64703,45.56651,-1.0
857,1.0,0.38382,-122.64703,45.56651,0.0
858,1.0,0.38382,-122.64703,45.56651,0.0
859,1.0,0.38382,-122.64703,45.56651,-1.0
860,1.0,0.38268,-122.68502,45.57413,0.0
862,1.0,0.38146,-122.64703,45.56651,-1.0
863,1.0,0.38022,-122.68502,45.57413,-1.0
864,1.0,0.38022,-122.68502,45.57413,0.0
865,1.0,0.38022,-122.68502,45.57413,0.0
866,1.0,0.38022,-122.68502,45.57413,0.0
868,1.0,0.37873,-122.68502,45.57413,-1.0
869,1.0,0.37873,-122.68502,45.57413,0.0
870,1.0,0.37818,-122.68502,45.57413,-1.0
871,1.0,0.37818,-122.68502,45.57413,-1.0
872,1.0,0.37658,-122.64703,45.56651,0.0
873,1.0,0.37658,-122.64703,45.56651,0.0
874,1.0,0.37658,-122.64703,45.56651,0.0
875,1.0,0.37658,-122.64703,45.56651,0.0
876,1.0,0.37658,-122.64703,45.56651,-1.0
877,1.0,0.37658,-122.64703,45.56651,0.0
878,1.0,0.37579,-122.64703,45.56651,-1.0
879,1.0,0.37525,-122.68502,45.57413,0.0
880,1.0,0.37489,-122.68502,45.57413,0.0
881,1.0,0.37489,-122.68502,45.57413,-1.0
882,1.0,0.37489,-122.68502,45.57413,0.0
883,1.0,0.37476,-122.64703,45.56651,0.0
884,1.0,0.37476,-122.64703,45.56651,0.0
885,1.0,0.37476,-122.64703,45.56651,0.0
886,1.0,0.37476,-122.64703,45.56651,-1.0
887,1.0,0.37476,-122.64703,45.56651,0.0
888,1.0,0.37476,-122.64703,45.56651,0.0
890,1.0,0.37426,-122.68502,45.57413,-1.0
892,1.0,0.37217,-122.64703,45.56651,0.0
893,1.0,0.372,-122.64703,45.56651,-1.0
894,1.0,0.372,-122.64703,45.56651,-1.0
895,1.0,0.372,-122.64703,45.56651,-1.0
896,1.0,0.37145,-122.64703,45.56651,-1.0
897,1.0,0.37145,-122.64703,45.56651,-1.0
898,1.0,0.36865,-122.68502,45.57413,-1.0
899,1.0,0.36865,-122.68502,45.57413,-1.0
900,1.0,0.36834,-122.64703,45.56651,0.0
901,1.0,0.36789,-122.68502,45.57413,-1.0
902,1.0,0.36789,-122.68502,45.57413,-1.0
903,1.0,0.36748,-122.68502,45.57413,1.0
904,1.0,0.36649,-122.64703,45.56651,-1.0
905,1.0,0.36649,-122.64703,45.56651,-1.0
906,1.0,0.36649,-122.64703,45.56651,-1.0
907,1.0,0.36649,-122.68502,45.57413,1.0
908,1.0,0.36649,-122.68502,45.57413,-1.0
909,1.0,0.36649,-122.68502,45.57413,0.0
910,1.0,0.36649,-122.68502,45.57413,-1.0
911,1.0,0.36649,-122.68502,45.57413,-1.0
912,1.0,0.36631,-122.68502,45.57413,1.0
913,1.0,0.36631,-122.68502,45.57413,-1.0
915,1.0,0.36543,-122.64703,45.56651,-1.0
916,1.0,0.36543,-122.64703,45.56651,-1.0
917,1.0,0.36543,-122.64703,45.56651,-1.0
918,1.0,0.36543,-122.64703,45.56651,-1.0
919,1.0,0.36485,-122.68502,45.57413,1.0
920,1.0,0.36485,-122.68502,45.57413,0.0
921,1.0,0.36485,-122.68502,45.57413,-1.0
922,1.0,0.36398,-122.68502,45.57413,0.0
923,1.0,0.36398,-122.68502,45.57413,0.0
924,1.0,0.36154,-122.68502,45.57413,-1.0
925,1.0,0.36154,-122.68502,45.57413,-1.0
926,1.0,0.36154,-122.68502,45.57413,-1.0
927,1.0,0.36154,-122.68502,45.57413,-1.0
928,1.0,0.36154,-122.68502,45.57413,0.0
929,1.0,0.36028,-122.68502,45.57413,0.0
930,1.0,0.36028,-122.68502,45.57413,0.0
932,1.0,0.35789,-122.64703,45.56651,-1.0
933,1.0,0.35579,-122.64703,45.56651,-1.0
934,1.0,0.35505,-122.68502,45.57413,-1.0
935,1.0,0.35324,-122.68502,45.57413,0.0
936,1.0,0.35324,-122.68502,45.57413,0.0
937,1.0,0.35324,-122.68502,45.57413,0.0
938,1.0,0.35162,-122.64703,45.56651,0.0
939,1.0,0.35063,-122.68502,45.57413,-1.0
940,1.0,0.35063,-122.68502,45.57413,0.0
941,1.0,0.35063,-122.68502,45.57413,-1.0
944,1.0,0.35005,-122.68502,45.57413,-1.0
945,1.0,0.35005,-122.68502,45.57413,1.0
946,1.0,0.35005,-122.68502,45.57413,-1.0
947,1.0,0.35005,-122.68502,45.57413,0.0
948,1.0,0.35005,-122.68502,45.57413,-1.0
949,1.0,0.35005,-122.68502,45.57413,0.0
951,1.0,0.34384,-122.64703,45.56651,-1.0
952,1.0,0.34384,-122.64703,45.56651,0.0
953,0.807,0.34128,-122.64703,45.56651,0.0
954,0.807,0.34128,-122.64703,45.56651,0.0
956,0.805,0.34095,-122.64703,45.56651,-1.0
957,0.805,0.34095,-122.64703,45.56651,0.0
958,0.805,0.34095,-122.64703,45.56651,-1.0
959,0.805,0.34095,-122.64703,45.56651,-1.0
960,1.0,0.34087,-122.68502,45.57413,-1.0
961,1.0,0.34087,-122.68502,45.57413,-1.0
962,1.0,0.34087,-122.68502,45.57413,-1.0
963,1.0,0.34066,-122.68502,45.57413,-1.0
966,0.797,0.34018,-122.64703,45.56651,0.0
967,0.797,0.34018,-122.64703,45.56651,0.0
968,0.797,0.34018,-122.64703,45.56651,0.0
969,0.797,0.34018,-122.64703,45.56651,-1.0
970,1.0,0.3398,-122.64703,45.56651,0.0
971,1.0,0.3398,-122.64703,45.56651,0.0
972,1.0,0.3398,-122.64703,45.56651,-1.0
975,1.0,0.33796,-122.64703,45.56651,-1.0
976,1.0,0.33796,-122.64703,45.56651,0.0
977,1.0,0.33744,-122.64703,45.56651,-1.0
978,1.0,0.33744,-122.64703,45.56651,-1.0
979,1.0,0.33744,-122.64703,45.56651,1.0
980,1.0,0.33744,-122.64703,45.56651,0.0
981,1.0,0.33672,-122.68502,45.57413,-1.0
984,1.0,0.33484,-122.68502,45.57413,0.0
985,1.0,0.33484,-122.68502,45.57413,0.0
986,1.0,0.33484,-122.68502,45.57413,-1.0
987,1.0,0.33377,-122.64703,45.56651,-1.0
988,1.0,0.33377,-122.64703,45.56651,-1.0
990,1.0,0.33008,-122.64703,45.56651,-1.0
991,1.0,0.33008,-122.64703,45.56651,1.0
992,1.0,0.33008,-122.64703,45.56651,0.0
993,1.0,0.33008,-122.64703,45.56651,-1.0
994,1.0,0.33008,-122.64703,45.56651,1.0
996,1.0,0.32567,-122.64703,45.56651,0.0
997,1.0,0.32567,-122.64703,45.56651,-1.0
999,1.0,0.32077,-122.68502,45.57413,0.0
1009,1.0,0.31635,-122.64703,45.56651,0.0
1010,1.0,0.31635,-122.64703,45.56651,0.0
1011,1.0,0.31635,-122.64703,45.56651,1.0
1012,1.0,0.31635,-122.64703,45.56651,0.0
1013,1.0,0.31394,-122.64703,45.56651,-1.0
1014,1.0,0.31346,-122.64703,45.56651,0.0
1015,1.0,0.31346,-122.64703,45.56651,-1.0
1019,1.0,0.3096,-122.64703,45.56651,0.0
1020,1.0,0.30956,-122.68502,45.57413,-1.0
1021,1.0,0.30956,-122.68502,45.57413,-1.0
1022,1.0,0.30956,-122.68502,45.57413,-1.0
1023,1.0,0.30956,-122.68502,45.57413,0.0
1027,1.0,0.30825,-122.64703,45.56651,0.0
1028,1.0,0.30822,-122.68502,45.57413,0.0
1029,1.0,0.30822,-122.68502,45.57413,-1.0
1031,1.0,0.30789,-122.68502,45.57413,-1.0
1032,1.0,0.30789,-122.68502,45.57413,-1.0
1033,1.0,0.30789,-122.68502,45.57413,-1.0
1034,1.0,0.30789,-122.68502,45.57413,-1.0
1036,1.616,0.305295,-122.64703,45.56651,-1.0
1037,1.616,0.305295,-122.64703,45.56651,-1.0
1038,1.616,0.305295,-122.64703,45.56651,-1.0
1039,1.0,0.30345,-122.68502,45.57413,0.0
1040,1.0,0.30345,-122.68502,45.57413,-1.0
1041,1.0,0.30345,-122.68502,45.57413,-1.0
1048,1.0,0.298,-122.64703,45.56651,1.0
1058,1.0,0.2954,-122.68502,45.57413,-1.0
1059,1.0,0.2954,-122.68502,45.57413,0.0
1064,1.0,0.29327,-122.68502,45.57413,-1.0
1065,1.0,0.29327,-122.68502,45.57413,-1.0
1066,1.0,0.29312,-122.68502,45.57413,0.0
1067,0.915,0.29234,-122.68502,45.57413,-1.0
1068,0.915,0.29234,-122.68502,45.57413,-1.0
1069,0.915,0.29234,-122.68502,45.57413,-1.0
1070,1.0,0.29182,-122.68502,45.57413,0.0
1071,1.0,0.29182,-122.68502,45.57413,0.0
1074,1.0,0.291,-122.68502,45.57413,0.0
1075,1.0,0.291,-122.68502,45.57413,0.0
1076,0.915,0.29052,-122.68502,45.57413,-1.0
1077,0.915,0.29052,-122.68502,45.57413,-1.0
1078,0.915,0.29052,-122.68502,45.57413,-1.0
1079,1.0,0.28952,-122.64703,45.56651,0.0
1080,1.0,0.28952,-122.64703,45.56651,0.0
1081,1.0,0.28952,-122.64703,45.56651,0.0
1090,1.0,0.28534,-122.68502,45.57413,0.0
1092,0.623,0.28487,-122.68502,45.57413,-1.0
1104,1.0,0.28115,-122.64703,45.56651,0.0
1143,1.0,0.26561,-122.64703,45.56651,-1.0
1144,1.0,0.26561,-122.64703,45.56651,-1.0
1145,0.69,0.26481,-122.64703,45.56651,0.0
1146,0.69,0.26481,-122.64703,45.56651,-1.0
1147,0.69,0.26481,-122.64703,45.56651,-1.0
1148,0.69,0.26481,-122.64703,45.56651,0.0
1149,0.69,0.26481,-122.64703,45.56651,-1.0
1151,1.0,0.26298,-122.68502,45.57413,-1.0
1152,1.0,0.26298,-122.68502,45.57413,0.0
1159,1.0,0.26183,-122.64703,45.56651,1.0
1160,1.0,0.26183,-122.64703,45.56651,0.0
1161,1.0,0.26183,-122.64703,45.56651,0.0
1162,1.0,0.26183,-122.64703,45.56651,0.5
1178,1.0,0.2578,-122.64703,45.56651,-1.0
1179,1.0,0.2578,-122.64703,45.56651,-1.0
1189,1.0,0.25484,-122.68502,45.57413,-1.0
1190,1.0,0.25484,-122.68502,45.57413,0.0
1191,1.0,0.25484,-122.68502,45.57413,-1.0
1200,0.999,0.25022,-122.68502,45.57413,0.0
1216,0.672,0.23894,-122.64703,45.56651,-1.0
1228,1.249,0.23161,-122.68502,45.57413,-1.0
1229,1.249,0.23161,-122.68502,45.57413,-1.0
1233,0.722,0.22965,-122.68502,45.57413,-1.0
1234,0.722,0.22965,-122.68502,45.57413,0.0
1238,1.0,0.22936,-122.64703,45.56651,-1.0
1268,0.805,0.22608,-122.64703,45.56651,0.0
1284,0.869,0.22305,-122.68502,45.57413,0.0
1295,2.642,0.21974666666666665,-122.68502,45.57413,-1.0
1296,2.642,0.21974666666666665,-122.68502,45.57413,1.0
1297,0.655,0.21926,-122.68502,45.57413,-1.0
1298,0.655,0.21926,-122.68502,45.57413,0.0
1306,1.0,0.21788,-122.68502,45.57413,-1.0
1307,1.0,0.21783,-122.64703,45.56651,0.0
1320,0.62,0.21383,-122.68502,45.57413,-1.0
1321,0.62,0.21383,-122.68502,45.57413,0.0
1326,0.591,0.20933,-122.68502,45.57413,-1.0
1327,0.591,0.20933,-122.68502,45.57413,0.0
1343,0.646,0.20358,-122.68502,45.57413,0.0
1346,0.795,0.20336,-122.68502,45.57413,-1.0
1350,0.634,0.20241,-122.64703,45.56651,0.0
1358,2.787,0.20038666666666666,-122.68502,45.57413,-1.0
1359,2.787,0.20038666666666666,-122.68502,45.57413,1.0
1360,1.577,0.200295,-122.68502,45.57413,0.0
1361,1.577,0.200295,-122.68502,45.57413,0.0
1362,1.577,0.200295,-122.68502,45.57413,0.0
1363,1.577,0.200295,-122.68502,45.57413,-1.0
1364,1.577,0.200295,-122.68502,45.57413,0.0
1365,1.577,0.200295,-122.68502,45.57413,0.0
1366,1.577,0.200295,-122.68502,45.57413,-1.0
1367,1.577,0.200295,-122.68502,45.57413,0.0
1370,1.577,0.200295,-122.68502,45.57413,-1.0
1371,1.577,0.200295,-122.68502,45.57413,0.0
1372,1.577,0.200295,-122.68502,45.57413,0.0
1373,1.577,0.200295,-122.68502,45.57413,0.0
1374,1.577,0.200295,-122.68502,45.57413,-1.0
1375,1.577,0.200295,-122.68502,45.57413,-1.0
1376,1.577,0.200295,-122.68502,45.57413,0.0
1377,1.577,0.200295,-122.68502,45.57413,0.0
1378,1.577,0.200295,-122.68502,45.57413,0.0
1379,0.635,0.20014,-122.64703,45.56651,0.0
1393,0.614,0.19689,-122.64703,45.56651,0.0
1402,1.152,0.1952,-122.64703,45.56651,-1.0
1403,1.152,0.1952,-122.64703,45.56651,-1.0
1404,1.152,0.195185,-122.64703,45.56651,-1.0
1405,1.152,0.195185,-122.64703,45.56651,-1.0
1406,1.152,0.195185,-122.64703,45.56651,-1.0
1407,1.152,0.195185,-122.64703,45.56651,-1.0
1409,0.724,0.19334,-122.68502,45.57413,-1.0
1410,0.724,0.19334,-122.68502,45.57413,-1.0
1411,0.587,0.19271,-122.64703,45.56651,0.0
1412,0.587,0.19271,-122.64703,45.56651,0.0
1417,1.628,0.18817,-122.68502,45.57413,-1.0
1422,0.586,0.18567,-122.68502,45.57413,0.0
1426,0.565,0.18289,-122.68502,45.57413,0.0
1429,0.52,0.18233,-122.64703,45.56651,0.0
1430,0.52,0.18233,-122.64703,45.56651,0.0
1434,0.636,0.18091,-122.68502,45.57413,-1.0
1438,0.681,0.17998,-122.64703,45.56651,-1.0
1439,0.681,0.17998,-122.64703,45.56651,-1.0
1440,0.681,0.17998,-122.64703,45.56651,-1.0
1441,0.681,0.17998,-122.64703,45.56651,0.0
1444,1.2,0.179475,-122.64703,45.56651,-1.0
1445,1.2,0.179475,-122.64703,45.56651,-1.0
1451,0.533,0.17865,-122.68502,45.57413,0.0
1452,0.532,0.17852,-122.68502,45.57413,0.0
1453,0.525,0.17759,-122.68502,45.57413,0.0
1457,0.605,0.17654,-122.68502,45.57413,-1.0
1458,2.667,0.17636666666666664,-122.68502,45.57413,-1.0
1459,2.667,0.17636666666666664,-122.68502,45.57413,1.0
1461,0.513,0.176,-122.68502,45.57413,0.0
1466,2.642,0.17550333333333334,-122.68502,45.57413,-1.0
1467,2.642,0.17550333333333334,-122.68502,45.57413,1.0
1470,0.562,0.17508,-122.68502,45.57413,-1.0
1471,5.452,0.17482333333333333,-122.64703,45.56651,-1.0
1472,5.452,0.17482333333333333,-122.64703,45.56651,0.0
1473,5.452,0.17482333333333333,-122.64703,45.56651,0.0
1474,5.452,0.17482333333333333,-122.64703,45.56651,-1.0
1483,0.554,0.17392,-122.68502,45.57413,-1.0
1484,0.553,0.17377,-122.68502,45.57413,-1.0
1486,0.549,0.1732,-122.68502,45.57413,-1.0
1493,0.544,0.17247,-122.68502,45.57413,-1.0
1496,0.536,0.17131,-122.68502,45.57413,-1.0
1503,0.556,0.16962,-122.68502,45.57413,-1.0
1506,0.551,0.16891,-122.68502,45.57413,-1.0
1508,0.545,0.16806,-122.68502,45.57413,-1.0
1511,0.431,0.16774,-122.68502,45.57413,-1.0
1512,0.431,0.16774,-122.68502,45.57413,0.0
1514,0.43,0.1676,-122.68502,45.57413,-1.0
1515,0.43,0.1676,-122.68502,45.57413,0.0
1519,1.152,0.166945,-122.64703,45.56651,-1.0
1520,1.152,0.166945,-122.64703,45.56651,-1.0
1521,1.0,0.16689,-122.68502,45.57413,0.0
1522,1.0,0.16689,-122.68502,45.57413,0.0
1535,1.524,0.16491,-122.68502,45.57413,-1.0
1536,1.524,0.16491,-122.68502,45.57413,-1.0
1537,1.524,0.16491,-122.68502,45.57413,-1.0
1593,0.625,0.15534,-122.68502,45.57413,0.0
1599,1.152,0.151765,-122.64703,45.56651,-1.0
1600,1.152,0.151765,-122.64703,45.56651,-1.0
1601,1.152,0.151765,-122.64703,45.56651,0.0
1602,1.152,0.151765,-122.64703,45.56651,-1.0
1609,0.467,0.14755,-122.68502,45.57413,-1.0
1618,2.004,0.14540666666666666,-122.68502,45.57413,-1.0
1619,2.004,0.14540666666666666,-122.68502,45.57413,1.0
1620,2.004,0.14540666666666666,-122.68502,45.57413,-1.0
1621,2.004,0.14540666666666666,-122.68502,45.57413,1.0
1622,2.004,0.14540666666666666,-122.68502,45.57413,-1.0
1623,2.004,0.14540666666666666,-122.68502,45.57413,1.0
1625,2.004,0.14540666666666666,-122.68502,45.57413,-1.0
1626,2.004,0.14540666666666666,-122.68502,45.57413,1.0
1627,2.004,0.14540666666666666,-122.68502,45.57413,-1.0
1628,2.004,0.14540666666666666,-122.68502,45.57413,1.0
1634,0.312,0.14341,-122.68502,45.57413,-1.0
1635,0.312,0.14341,-122.68502,45.57413,0.0
1636,0.295,0.14114,-122.68502,45.57413,-1.0
1637,0.295,0.14114,-122.68502,45.57413,0.0
1649,1.192,0.124515,-122.64703,45.56651,-1.0
1650,1.192,0.124515,-122.64703,45.56651,0.0
1651,1.185,0.124085,-122.64703,45.56651,-1.0
1652,1.185,0.124085,-122.64703,45.56651,-1.0
1654,0.976,0.12224,-122.64703,45.56651,0.0
1655,0.976,0.12224,-122.64703,45.56651,0.0
1656,1.135,0.12171,-122.64703,45.56651,0.0
1657,1.135,0.12171,-122.64703,45.56651,-1.0
1658,1.135,0.12171,-122.64703,45.56651,-1.0
1659,1.135,0.12171,-122.64703,45.56651,-1.0
1663,1.09,0.119165,-122.64703,45.56651,-1.0
1664,1.089,0.1191,-122.64703,45.56651,0.0
1681,0.576,0.10591,-122.68502,45.57413,-1.0
1682,0.576,0.10591,-122.68502,45.57413,-1.0
1730,0.544,0.09889,-122.68502,45.57413,0.0
1731,0.544,0.09889,-122.68502,45.57413,0.0
1759,0.571,0.08992,-122.64703,45.56651,0.0
1760,0.571,0.08992,-122.64703,45.56651,0.0
1787,1.12,0.082625,-122.68502,45.57413,-1.0
1818,1.12,0.080815,-122.68502,45.57413,0.0
1819,1.12,0.080815,-122.68502,45.57413,-1.0
1820,1.12,0.080815,-122.68502,45.57413,-1.0
1821,1.12,0.080815,-122.68502,45.57413,1.0
1830,1.12,0.079735,-122.68502,45.57413,-1.0
1831,1.12,0.079735,-122.68502,45.57413,-1.0
1833,1.12,0.079735,-122.68502,45.57413,0.0
1844,1.088,0.078395,-122.68502,45.57413,-1.0
1845,1.088,0.078395,-122.68502,45.57413,1.0
1846,1.088,0.078395,-122.68502,45.57413,-1.0
1847,1.088,0.078395,-122.68502,45.57413,-1.0
1848,1.088,0.078395,-122.68502,45.57413,-1.0
1849,1.088,0.078395,-122.68502,45.57413,1.0
1850,1.088,0.078395,-122.68502,45.57413,1.0
1853,0.402,0.07384,-122.64703,45.56651,0.0
1854,0.402,0.07384,-122.64703,45.56651,0.0
1855,0.35,0.06995,-122.64703,45.56651,0.0
1856,0.35,0.06995,-122.64703,45.56651,0.0
1859,0.33,0.06845,-122.64703,45.56651,0.0
1860,0.33,0.06845,-122.64703,45.56651,0.0
1861,0.33,0.06845,-122.64703,45.56651,0.0
1862,0.33,0.06845,-122.64703,45.56651,0.0
1863,0.33,0.06845,-122.64703,45.56651,0.0
1864,0.33,0.06845,-122.64703,45.56651,0.0
1865,0.294,0.06575,-122.64703,45.56651,0.0
1866,0.294,0.06575,-122.64703,45.56651,0.0
1867,0.294,0.06575,-122.64703,45.56651,0.0
1868,0.294,0.06575,-122.64703,45.56651,0.0
